"","datasets_id","k","generator","dic_power","dic_exp","dicdiff"
"1",1,1,"exp",4557.12092999985,4321.95356267212,235.16736732773
"2",2,2,"exp",4283.3383649718,4165.69885998884,117.63950498296
"3",3,3,"exp",4475.30129549033,4210.64284468714,264.65845080319
"4",4,4,"exp",4647.39224459097,4177.74202717888,469.650217412091
"5",5,5,"exp",4563.49473819101,4376.54377422161,186.9509639694
"6",6,6,"exp",4245.23753778521,4060.97141321375,184.26612457146
"7",7,7,"exp",3971.04749334672,3754.34996248565,216.69753086107
"8",8,8,"exp",4369.38602631815,4126.56456768541,242.821458632739
"9",9,9,"exp",4210.43427418802,3680.68725141065,529.74702277737
"10",10,10,"exp",4768.08598806282,4645.84513730859,122.24085075423
"11",11,1,"power",3412.8258312511,3589.37776278536,-176.55193153426
"12",12,2,"power",4231.89204288623,4362.13397711653,-130.2419342303
"13",13,3,"power",4008.77638207182,4289.19376988775,-280.41738781593
"14",14,4,"power",4310.02064708636,4392.22337952343,-82.2027324370692
"15",15,5,"power",4329.56576264288,4431.97465007971,-102.40888743683
"16",16,6,"power",3469.64667320679,3625.23604158428,-155.58936837749
"17",17,7,"power",3997.18579018168,4232.08272707122,-234.89693688954
"18",18,8,"power",3794.49420523432,3993.9973758749,-199.50317064058
"19",19,9,"power",3747.08255020778,3957.08574197293,-210.00319176515
"20",20,10,"power",3486.96920437689,3773.26476018524,-286.29555580835
[1] "Tue Jul  1 13:18:40 2014"
$exp
$exp$prop_better
[1] 1

$exp$mean_dic_improvement
[1] 256.9839

$exp$sd_dic_improvement
[1] 137.3358

$exp$min_dic_improvement
[1] 117.6395

$exp$max_dic_improvement
[1] 529.747

$exp$N
[1] 10


$power
$power$prop_better
[1] 1

$power$mean_dic_improvement
[1] 185.8111

$power$sd_dic_improvement
[1] 69.92636

$power$min_dic_improvement
[1] 82.20273

$power$max_dic_improvement
[1] 286.2956

$power$N
[1] 10


$n.chains
[1] 2

$n.adapt
[1] 100

$burnin
[1] 50

$n.iter
[1] 100

$thin
[1] 1

